{
    "attitude_y": {
        "var": 0.0029081486505805453, 
        "std": 0.05392725331945384, 
        "mean": -0.093972061026180567
    }, 
    "attitude_x": {
        "var": 6.0319717109181941e-05, 
        "std": 0.0077665769235347138, 
        "mean": 0.99135792189677907
    }, 
    "attitude_z": {
        "var": 0.0014591007198405928, 
        "std": 0.038198176917761305, 
        "mean": 0.061415600336147652
    }, 
    "gyroAcc_y": {
        "var": 0.0, 
        "std": 0.0, 
        "mean": 0.0
    }, 
    "gyro_z": {
        "var": 9.1186942250344405, 
        "std": 3.0197175737201718, 
        "mean": 0.1386803318122819
    }, 
    "gyroAcc_z": {
        "var": 0.0, 
        "std": 0.0, 
        "mean": 0.0
    }, 
    "gyro_x": {
        "var": 0.029525712218602847, 
        "std": 0.17183047523243031, 
        "mean": -2.1759691222136479
    }, 
    "gyro_y": {
        "var": 2.9669528840649622, 
        "std": 1.7224845090928864, 
        "mean": 1.4478882684821979
    }, 
    "gyroAcc_x": {
        "var": 0.0, 
        "std": 0.0, 
        "mean": 0.0
    }, 
    "acc_z": {
        "var": 0.00067418578234505375, 
        "std": 0.025965087759240363, 
        "mean": 1.0363553555084428
    }, 
    "acc_y": {
        "var": 1.9247792107626382e-05, 
        "std": 0.0043872305737932653, 
        "mean": -0.042802098120890614
    }, 
    "acc_x": {
        "var": 2.8281392994412711e-05, 
        "std": 0.0053180252908774988, 
        "mean": -0.082155436295203221
    }
}
