{
    "gyroX" : -2.315236952149041,
    "gyroY" : 1.4802606106289558,
    "gyroZ" : 0.022864795776597245
}
